"Name","Unmodelled (BP)",,
,"from_95_4","to_95_4",
"SHCal20",,,
"OxA-33817","21694","20952",
"IT-C-3866","21930","21025",
"IT-C-3422","22325","21155",
"IT-C-3427","22527","21390",
"IT-C-3835","23107","22318",
"IT-C-3842","22064","21102",
"IT-C-3850","22090","21271",
"IT-C-3410","22259","21072",
"IT-C-3426","22412","21430",
"IT-C-3859","22485","22049",
"OxA-33816","22022","21423",
"IT-C-4010","22098","21439",
"IT-C-3415","22546","21454",
"IT-C-4638","25286","24380",
"AA-6957","25891","25158",
"AA-6956","25902","25236",
"IT-C-3838","26478","25653",
"IT-C-3417","26921","25375",
"IT-C-3860","23758","23061",
"IT-C-3419","24050","22975",
"Pta-2298","25784","24966",
"UW-300","26253","24268",
"IT-C-3833","25872","25008",
"Pta-1810","25889","25128",
"IT-C-3412","26320","25121",
"IT-C-3843","26254","25276",
"IT-C-3420","26900","25038",
"IT-C-4695","26354","25677",
"IT-C-3421","26955","25655",
"IT-C-3416","26797","25134",
"IT-C-3853","26345","25635",
"IT-C-3839","26422","25356",
"IT-C-3431","26875","25301",
"IT-C-3851","26716","25816",
"IT-C-3407","27076","25785",
"IT-C-3863","26890","25919",
"IT-C-3428","27230","25596",
"IT-C-3424","27215","25915",
"IT-C-3413","27710","26379",
"IT-C-3881","27731","27103",
"IT-C-3847","27996","27274",
"IT-C-3408","28670","27190",
"LJ-2892","42469","34256",
"Pta-704","45540","40849",
"Pta-4984","25581","24230",
"Pta-4986","31781","31079",
"Pta-4784","42962","39526",
"Pta-4779","44607","41336",
"Pta-4758","44514","41220",
"Pta-4744","44811","41555",
"Pta-4778","44907","40080",
"Pta-4793","48384","40805",
"Pta-5015","44431","40591",
"OxA-23173","24817","24197",
"OxA-23172","40833","39373",
"OxA-X-24187-47","41740","39860",
"KIA-44423","44380","40809",
"OxA-W-2455-52","41172","39780",
"Pta-4711","44190","41145",
"Pta-4706","42178","38603",
"Pta-4700","41726","37594",
"Pta-4710","44725","41464",
"Pta-4775","44485","42025",
"Pta-4697","41942","39412",
"Pta-4776","44407","41853",
"Pta-422","42691","39996",
"Pta-423","42265","39637",
"Pta-424","42425","38686",
"Pta-4875","42637","41402",
"Pta-4880","44216","42481",
"Pta-4903","44926","40726",
"Pta-4854","43226","39702",
"Pta-4852","42231","39103",
"Pta-4856","46620","40577",
"ANUA-17304","44068","41641",
"UW-339","29088","25593",
"Pta-1807","27339","26123",
"GifA 13003/ SacA 31985","23273","22837",
"GifA 13004/ SacA 31986","22901","22407",
"GifA 13006/ SacA 31988","22925","22445",
"GifA 13007/ SacA 31989","23218","22725",
"GifA 13008/ SacA 31990","24196","23784",
"EBC1","19335","18535",
"Pta-1597","24852","23784",
"Pta-5304","25227","23978",
"EBC14","29735","28135",
"EBC15","31735","30135",
"EBC16","30735","29135",
"Shfd-11057","21728","15728",
"Shfd-11058","23628","16028",
"LJ-3137","25284","23903",
"AA-6451","26883","25788",
"Pta-101","29559","27967",
"AA-8565","29579","28265",
"LJ-3138","28736","26474",
"Pta-3586","24477","23061",
"Pta-3566","33199","30499",
"Pta-3591","39120","35106",
"I-13040","33219","29788",
"Wk-20241","22890","22360",
"KKH8","34941","30941",
"OZK050","26418","25567",
"OZ052","30735","29233",
"OSL-NT11-25","22334","18334",
"OSL-NT11-27","29734","24934",
"OSL-NT11-10","29834","24634",
"OSL-NT11-26","23234","19634",
"OSL-NT11-12","30034","24834",
"OSL-NT11-13","32834","26834",
"OSL-NT06-4","36634","29034",
"OSL-NT06-3","36134","29334",
"UOW-PL8-6","26036","19636",
"AA-99784","23009","21776",
"AA-98830","22911","20075",
"UOW-PL8-5","28736","21536",
"AA-89907","26378","25900",
"OxA-32917","24278","23840",
"Pta-919","24930","23810",
"Pta-6059","25239","23947",
"OxA-32919","24630","24041",
"OxA-32918","24910","24230",
"Pta-6271","29981","28776",
"Pta-6268","31044","29320",
"OxA-32915","30038","29280",
"Pta-966","27765","26462",
"UBB8","37927","25927",
"UBB9","34927","22927",
"Pta-4389","34156","30491",
"OxA-8530","14045","13368",
"IT-C-3870","15522","14990",
"IT-C-3864","12709","12100",
"IT-C-3483","14050","13615",
"IT-C-3854","14123","13794",
"IT-C-3841","14800","13800",
"IT-C-3840","14896","14056",
"IT-C-3836","15225","14359",
"IT-C-3487","15302","14891",
"IT-C-3488","12465","11765",
"IT-C-3883","12595","12000",
"IT-C-3868","12702","12097",
"IT-C-3481","12762","12480",
"IT-C-3862","13235","12972",
"OxA-33811","14004","13598",
"IT-C-3882","14068","13767",
"IT-C-3879","14162","13798",
"IT-C-3861","15049","14291",
"AA-6958","12603","11945",
"OxA-33812","12618","12097",
"IT-C-3432","14241","13507",
"IT-C-3846","14080","13614",
"Pta-1828","14128","13606",
"IT-C-3844","14800","13763",
"IT-C-3411","14965","13792",
"IT-C-3848","14817","14025",
"IT-C-3845","14846","14032",
"IT-C-3418","15074","14092",
"UW-412","15100","14108",
"IT-C-3434","15164","14148",
"IT-C-3433","15295","14070",
"IT-C-3855","15181","14336",
"IT-C-3880","15135","14336",
"OxA-33813","15200","14586",
"IT-C-3873","15370","14606",
"IT-C-4567","15499","14965",
"IT-C-4639","15620","15120",
"IT-C-3852","15812","15324",
"OxA-33814","15678","15280",
"IT-C-3849","15745","15247",
"Pta-3899","16602","15118",
"IT-C-4654","16445","15810",
"IT-C-3832","17245","16456",
"IT-C-3482","17307","16696",
"IT-C-3834","17738","16583",
"IT-C-3872","17415","17041",
"UW-301","17991","16541",
"IT-C-4698","18015","16625",
"IT-C-3874","18196","17532",
"Pta-2259","16203","15438",
"IT-C-3857","16902","16210",
"IT-C-3430","17051","16248",
"IT-C-3429","17374","16619",
"IT-C-3837","17383","16735",
"IT-C-3831","17413","16915",
"IT-C-3423","17892","17065",
"IT-C-3414","17989","17101",
"IT-C-4640","18063","17351",
"IT-C-3856","18120","17414",
"IT-C-4569","18637","17926",
"AA-6959","22015","21152",
"Pta-3283","22078","21012",
"IT-C-3871","24621","23840",
"IT-C-3425","25060","23793",
"OxA-33815","22012","21434",
"GrN-4814","14170","13614",
"Pta-1175","14925","13867",
"GrN-4815","14770","13780",
"Pta-1176","15065","14110",
"GrN-5873","15122","14082",
"GrN-4816","15104","14190",
"Pta-1177","15509","14999",
"Pta-1178","15607","15272",
"I-7948","15668","14280",
"OxA-32686","16548","16106",
"OxA-32687","17073","16640",
"Pta-1288","16602","15842",
"Pta-1067","15080","14189",
"Pta-1068","17049","16299",
"Pta-1200","16191","15396",
"Pta-6756","13456","13085",
"Pta-6757","15930","15165",
"AA-5834","13443","13117",
"Pta-6761","16265","15543",
"Pta-4321","16887","15962",
"GaK-4338","15517","13790",
"GifA-13001/SacA 31983","19200","18895",
"GifA-13002/SacA 31984","19445","19055",
"Pta-5308","22046","20989",
"Pta-4817","13599","13170",
"Pta-4822","20310","19513",
"GNH 5","16331","13131",
"UBA-38535","20895","20507",
"GV18/4/2","21328","20528",
"UGAMS-11599","15105","14534",
"OxA-4274","15380","15004",
"AA-5829","14182","13515",
"LJ-3150","14832","13805",
"AA-8564","14917","14097",
"Pta-100","15983","15300",
"LJ-3135","23820","22749",
"LJ-3136","24710","23297",
"Beta-522531","15894","15567",
"Beta-522530","16526","16186",
"Beta-522529","16765","16360",
"Pta-782a","14965","13871",
"Pta-782b","15170","14225",
"D-AMS 001837/828","16777","16340",
"D-AMS 002440/481","17355","17011",
"D-AMS 003799/858","18175","17595",
"D-AMS 001838/876","18203","17784",
"D-AMS 002440/686","18760","18288",
"D-AMS 002441/736","18786","18300",
"D-AMS 003800/920","19302","18923",
"D-AMS 001839/924","22330","21991",
"Pta-1406","24523","23474",
"Pta-1407","24621","23840",
"Pta-1367","24090","23047",
"OxA-23028","24560","23432",
"UW-233","18880","18287",
"D-AMS 003801/114","18657","18262",
"D-AMS 003802/141","19528","19183",
"OxA-32457","12596","12023",
"UW-218","12762","11959",
"OxA-32606","14122","13803",
"OxA-32458","18203","17800",
"I-6516","20729","19551",
"UW-175","23130","20524",
"OxA-32607","22506","22128",
"GrN-5884","22896","22352",
"OxA-32608","23285","22618",
"UGAMS-8980","11080","10691",
"OSL-NT11-23","13234","10034",
"OSL-NT11-22","13334","10934",
"OxA-2460","13990","13460",
"UGAMS-8981","14315","14059",
"UGAMS-8982","14805","14078",
"UOW-PL8-8","19336","14536",
"UOW-PL8-7","20136","15336",
"Pta-3451","12433","11280",
"Pta-7288","10693","10253",
"OxA-35528","11082","10603",
"Pta-7275","11140","10584",
"RCC10.1","16343","10743",
"RCC10.2","15343","10543",
"Pta-5593","15479","14358",
"Pta-5601","16493","15600",
"Q-3175","15265","13505",
"Q-3176","15077","13518",
"Q-3173","15933","14199",
"Pta-884","15933","15120",
"Q-3172","16240","15332",
"Q-1452","22252","20889",
"Pta-918","24441","23211",
"Pta-6065","13432","12623",
"OxA-32926","14040","13617",
"Pta-6282","14803","13770",
"OxA-32925","14821","14083",
"OxA-32924","14846","14189",
"OxA-32923","15555","15144",
"OxA-32922","15646","15257",
"Pta-6062","14846","14165",
"Pta-6058","15029","14147",
"Pta-6281","23781","22972",
"Pta-6077","24532","23894",
"OxA-32920","24618","23970",
"Pta-682","14028","13465",
"Pta-822","18259","17545",
"TX-5782","12434","11145",
"TX-5631","14827","13097",
"TX-5783","14883","13313",
"UBA-17609","17497","17286",
"UBA-17610","17840","17300",
"UBA-17611","18651","18275",
"UBA-17612","19823","19427",
"UBA-17613","23773","23286",
"UBA-17614","23887","23387",
"UBB5","24927","16927",
"Pta-4307","10657","9915",
"Pta-4226","16444","15716",
"IT-C-2327 (CN 26617)","13592","13318",
"IT-C-2569 (CN 35722)","13592","13334",
"IT-C-2390 (CN 35722)","13594","13342",
"BETA-516054 (CN 26617)","13599","13412",
"IT-C-2328 (CN 26617)","13735","13345",
"IT-C-2539 (CN 34285)","13793","13514",
"IT-C-2566 (CN 35716)","15228","14521",
"IT-C-2563 (CN 34911)","15904","15452",
"IT-C-2538 (CN 30270)","16585","16165",
"IT-C-2567 (CN 30258)","17388","17044",
"IT-C-2564 (CN 30224)","17455","17074",
"IT-C-2346 (CN 30258)","17696","17051",
"IT-C-2562 (CN 32455)","20360","19900",
"IT-C-2356 (CN 32455)","20427","19909",
"IT-C-2345 (CN 31390)","20896","20355",
"IT-C-2357 (CN 36264)","21972","21268",
"BETA-461583 (CN 17923)","21855","21400",
"IT-C-2376 (CN 36264)","22005","21278",
"BETA-461582 (CN 22305)","22853","22394",
"BETA-469051 (CN 18702)","23010","22625",
"SMU-1823","10645","8455",
"UW-410","10576","9756",
"UW-411","12687","11785",
"Pta-1484","10235","9736",
"Pta-1805","14021","13485",
"GrN-5874","11109","10598",
"Poz-104,167","11186","10757",
"Poz-64,463","11111","10664",
"Poz-64,465","11326","11156",
"GrN-4845","11075","10566",
"GrN-4813","11708","11191",
"Pta-1905","7562","7281",
"Pta-2347","8767","8343",
"Pta-1587","11246","10802",
"OxA-32684","11705","11252",
"OxA-32685","14786","13881",
"CK7-2","12037","10437",
"Pta-0737","12833","12201",
"AA-5833","12912","12637",
"OxA-478","13171","12196",
"Pta-0732","12755","12095",
"Pta-2481","11760","11215",
"Pta-2592","12470","10659",
"Pta-5336","12614","11971",
"Pta-5361","12729","12065",
"Pta-5369","12765","12175",
"Pta-6758","12745","12097",
"Pta-686","11181","10597",
"UW-0192","13181","12738",
"UW-0193","11835","11278",
"Pta-4816","12966","12494",
"Pta-1125","11832","11205",
"Pta-3643","13764","13319",
"LLNL-CAMS# 170783","11867","11324",
"Pta-5191","9526","9034",
"UGAMS-8984","10290","10181",
"OxA-27311","9660","9465",
"UGAMS-11597","9719","9539",
"Pta-5192","10231","9729",
"Pta-5204","10661","10236",
"UGAMS-8985","10578","10299",
"OxA-27312","10376","10176",
"OxA-27313","10405","10180",
"OxA-27314","11874","11331",
"OxA-27315","11843","11326",
"UGAMS-8986","11712","11308",
"OxA-27316","11938","11524",
"Pta-5205","11756","11198",
"Pta-4620","11333","10760",
"LJ-3199","10195","9559",
"Pta-112","8170","7842",
"Pta-099","11306","10770",
"LJ-3198","10651","10190",
"AA-6649","11201","10744",
"AA-8563","11705","11190",
"Wits-1436","10191","8781",
"Pta-2307","10653","10225",
"Pta-2812","8338","7939",
"Beta-347865","11174","10765",
"Beta-347868","13081","12785",
"Beta-347866","13607","13355",
"Beta-347867","13598","13355",
"Beta-347869","13781","13511",
"D-AMS 001836","13745","13434",
"D-AMS 002439","14799","14056",
"KRU-2","7661","7262",
"KRU-3","7672","7264",
"KRU-4","7687","7329",
"KRU-5","7780","7426",
"KRU-6","8401","8055",
"KRU-7","10492","9905",
"KRU-8","11210","10512",
"KRU-9","11614","10710",
"KRU-10","12613","11341",
"Pta-1273","10495","9908",
"Pta-1272","11972","11271",
"L-336G","13180","11175",
"L-336H","14075","12093",
"UCLA-1746-C-2","12469","11180",
"UCLA-1746-A","12481","11180",
"Pta-6823","8320","8030",
"Marine20",,,
"Pta-6831","8123","7820",
"Pta-6925","11146","10763",
"Pta-6848","11237","10908",
"Pta-6951","11310","11035",
"SHCal20",,,
"Pta-6687","9527","8032",
"Pta-6686","11280","10306",
"Pta-6936","11625","11150",
"Pta-6838","11839","11330",
"Pta-6937","11333","10760",
"Pta-6702","13162","11633",
"GaK-1538","12763","11640",
"Pta-666","8594","8209",
"OxA-32451","9545","9459",
"OxA-32452","9530","9304",
"Pta-391","10246","9765",
"OxA-32453","10649","10283",
"Q-1085","12613","11256",
"OxA-32454","11923","11341",
"Pta-392","11972","11271",
"UW-164","12084","11305",
"OxA-32455","12464","11874",
"UW-177","14117","13464",
"I-6515","13494","12486",
"Pta-5238","9892","9555",
"OxA-32161","10119","9557",
"OSL-NT11-15","10434","8434",
"UGAMS-8974","9689","9538",
"OxA-X-2460-48","10195","9691",
"OxA-32160","10203","9790",
"OSL-NT11-18","10234","8234",
"OxA-32159","11086","10601",
"OSL-NT11-06","12334","9934",
"OxA-32158","10113","9552",
"UGAMS-8975","10710","10502",
"UGAMS-8976","10403","10199",
"UGAMS-8977","9897","9556",
"OSL-NT11-11","11534","9534",
"OxA-32157","11098","10662",
"UGAMS-8978","11069","10587",
"OxA-26230","10655","10284",
"Pta-5207","11255","10601",
"UGAMS-8979","11171","10773",
"OSL-NT11-17","13534","11134",
"OSL-NT11-21","14734","11934",
"OSL-NT06-5","12734","10334",
"TX-5633","9416","8543",
"TX-5634","10221","9551",
"TX-5635","10683","10243",
"TX-5636","12828","10432",
"TX-5637","13795","11519",
"Pta-410","10235","9699",
"Pta-5600","9525","9129",
"Pta-5560","9662","9479",
"RCC21","9743","7343",
"Pta-5599","10566","10239",
"Pta-6278","8310","7875",
"Pta-6280","8014","7700",
"Pta-6072","8178","7838",
"Pta-6083","7943","7671",
"Pta-6368","10563","10253",
"Pta-6057","11617","10586",
"Pta-3533","8536","8189",
"TX-5628","11057","10250",
"Pta-3540","10148","9472",
"TX-5630","10335","9486",
"TX-5629","11180","10177",
"Y-1996","11100","10224",
"Pta-004","12463","9693",
"Pta-5172","9891","9491",
"BETA-469053 (CN 6666)","11073","10604",
"IT-C-2322 (CN 1503)","11141","10699",
"IT-C-2321 (CN 1503)","11158","10705",
"BETA-469052 (CN 4945)","11163","10767",
"IT-C-2360 (CN 8098)","11098","10572",
"IT-C-2383 (CN 4944)","11078","10585",
"IT-C-2590 (CN 7618)","11081","10587",
"IT-C-2389 (CN 20608)","11090","10602",
"IT-C-2542 (CN 18638)","11061","10511",
"IT-C-2537 (CN 21323","11069","10566",
"IT-C-2351 (CN 22339)","11072","10573",
"BETA-442147 (CN 501)","11163","10767",
"BETA-461585 (CN 20408)","11070","10596",
"IT-C-2387 (CN 30047)","11098","10609",
"T-C-2385 (CN 30048)","11142","10705",
"IT-C-2540 (CN 27019)","11069","10520",
"IT-C-2347 (CN 27014)","11075","10582",
"IT-C-2559 (CN 27694)","11071","10579",
"IT-C-2557 (CN 33274)","11109","10683",
"IT-C-2535 (CN 27605)","11085","10601",
"IT-C-2358 (CN 30657)","11099","10595",
"IT-C-2388 (CN 32294)","11142","10696",
"IT-C-2377 (CN 33766)","11106","10664",
"IT-C-2560 (CN 30624)","11136","10704",
"IT-C-2556 (CN 31813)","11168","10759",
"IT-C-2531 (CN 33381)","10994","10506",
"IT-C-2386 (CN 33381)","11084","10581",
"IT-C-2384 (CN 33382)","11078","10585",
"IT-C-2555 (CN 33382)","11093","10602",
"IT-C-2532 (CN 31884)","11172","10761",
"IT-C-2349 (CN 31884)","11200","10775",
"BETA-461584 (CN 17125)","11185","10788",
"Pta-2546","10554","9916",
"Pta-2852","11615","10687",
"Pta-2790","11715","11235",
"Pta-2786","12430","11310",
"Pta-6872","12086","11237",
"Pta-6871","11950","11257",
"Pta-6884","11881","11245",
