"Name","Unmodelled (BP)",,"Modelled (BP)",,"Indices
Amodel 89.6
Aoverall 100.4",
,"from_95_4","to_95_4","from_95_4","to_95_4","Acomb","A","L","P","C",
"",,,,,,,,,,
"Start ELSA",,,"44655","43395",,,,,100,
"",,,,,,,,,,
"Early Later Stone Age",,,,,,,,,100,
"Early Later Stone Age_Kernel","-2","2","-2.25","2.85",,96.2,,,100,
"Early Later Stone Age_Scale","9.97466e-18","1","0.13","0.575",,100,,,100,
"Sum ELSA",,,,,,,,,100,
"SHCal20",,,,,,,,,,
"OxA-33817","21694","20952","21778","20953",,97.4,,,100,
"IT-C-3866","21930","21025","22098","20943",,99.8,,,100,
"IT-C-3422","22325","21155","22653","20968",,96.6,,,100,
"IT-C-3427","22527","21390","22863","21053",,103.9,,,100,
"IT-C-3835","23107","22318","23713","22033",,94.5,,,100,
"IT-C-3842","22064","21102","22368","20873",,96.6,,,100,
"IT-C-3850","22090","21271","22203","21100",,100.6,,,100,
"IT-C-3410","22259","21072","22318","20888",,103.3,,,100,
"IT-C-3426","22412","21430","22460","21168",,95.9,,,100,
"IT-C-3859","22485","22049","22513","21980",,100.2,,,100,
"OxA-33816","22022","21423","22048","21363",,103,,,100,
"IT-C-4010","22098","21439","22145","21368",,99.7,,,100,
"IT-C-3415","22546","21454","22933","20948",,101.3,,,100,
"IT-C-4638","25286","24380","25608","24193",,98.3,,,100,
"AA-6957","25891","25158","25885","25028",,103.2,,,100,
"AA-6956","25902","25236","25953","25148",,98.7,,,100,
"IT-C-3838","26478","25653","26758","25293",,105.7,,,100,
"IT-C-3417","26921","25375","27088","25213",,97.9,,,100,
"IT-C-3860","23758","23061","23798","22978",,99.6,,,100,
"IT-C-3419","24050","22975","24403","22678",,101.3,,,100,
"Pta-2298","25784","24966","25978","24688",,98.4,,,100,
"UW-300","26253","24268","26608","23918",,102.7,,,100,
"IT-C-3833","25872","25008","25988","24668",,103.8,,,100,
"Pta-1810","25889","25128","25993","24738",,103.3,,,100,
"IT-C-3412","26320","25121","26793","24718",,97.6,,,100,
"IT-C-3843","26254","25276","26963","25133",,101.3,,,100,
"IT-C-3420","26900","25038","27103","24593",,103.5,,,100,
"IT-C-4695","26354","25677","26420","25268",,92.5,,,100,
"IT-C-3421","26955","25655","27178","25278",,95.3,,,100,
"IT-C-3416","26797","25134","26923","24858",,96,,,100,
"IT-C-3853","26345","25635","26458","25443",,101.3,,,100,
"IT-C-3839","26422","25356","26768","25268",,91.4,,,100,
"IT-C-3431","26875","25301","26899","25213",,94.5,,,100,
"IT-C-3851","26716","25816","26773","25848",,102.1,,,100,
"IT-C-3407","27076","25785","27258","25288",,98.8,,,100,
"IT-C-3863","26890","25919","27023","25728",,102.7,,,100,
"IT-C-3428","27230","25596","27688","25238",,100.6,,,100,
"IT-C-3424","27215","25915","27648","25538",,99.2,,,100,
"IT-C-3413","27710","26379","27843","26058",,104.1,,,100,
"IT-C-3881","27731","27103","27893","26678",,105.5,,,100,
"IT-C-3847","27996","27274","28218","27276",,101.9,,,100,
"IT-C-3408","28670","27190","29178","26498",,99.8,,,100,
"LJ-2892","42469","34256","43623","34088",,101.1,,,100,
"Pta-704","45540","40849","44648","40423",,117.1,,,100,
"Pta-4984","25581","24230","25693","23993",,99,,,100,
"Pta-4986","31781","31079","32108","30998",,98.3,,,100,
"Pta-4784","42962","39526","44303","38468",,97.1,,,100,
"Pta-4779","44607","41336","44558","41033",,112.6,,,100,
"Pta-4758","44514","41220","44458","40523",,107.9,,,100,
"Pta-4744","44811","41555","44343","41273",,110.2,,,100,
"Pta-4778","44907","40080","44578","39773",,107.4,,,100,
"Pta-4793","48384","40805","44363","39513",,125.3,,,100,
"Pta-5015","44431","40591","44493","39703",,106.4,,,100,
"OxA-23173","24817","24197","24958","24158",,100.1,,,100,
"OxA-23172","40833","39373","41043","39353",,101.8,,,100,
"OxA-X-24187-47","41740","39860","42033","39368",,97.7,,,100,
"KIA-44423","44380","40809","44288","40138",,107.5,,,100,
"OxA-W-2455-52","41172","39780","41488","39613",,99.7,,,100,
"Pta-4711","44190","41145","44358","40663",,104.8,,,100,
"Pta-4706","42178","38603","42478","37548",,102.3,,,100,
"Pta-4700","41726","37594","42118","36918",,101.6,,,100,
"Pta-4710","44725","41464","44448","41283",,113,,,100,
"Pta-4775","44485","42025","44443","41248",,108.8,,,100,
"Pta-4697","41942","39412","42423","38013",,100.5,,,100,
"Pta-4776","44407","41853","44258","41198",,108.5,,,100,
"Pta-422","42691","39996","43988","39648",,104.3,,,100,
"Pta-423","42265","39637","43148","38448",,100.4,,,100,
"Pta-424","42425","38686","43143","37583",,95.6,,,100,
"Pta-4875","42637","41402","43113","41273",,93.1,,,100,
"Pta-4880","44216","42481","44313","42413",,107.6,,,100,
"Pta-4903","44926","40726","44378","40063",,106.1,,,100,
"Pta-4854","43226","39702","44033","39423",,101,,,100,
"Pta-4852","42231","39103","42378","36978",,101.5,,,100,
"Pta-4856","46620","40577","44553","39718",,117,,,100,
"ANUA-17304","44068","41641","44008","41283",,99.6,,,100,
"UW-339","29088","25593","30128","25028",,97.8,,,100,
"Pta-1807","27339","26123","27518","26043",,102.2,,,100,
"GifA 13003/ SacA 31985","23273","22837","23280","22593",,99.3,,,100,
"GifA 13004/ SacA 31986","22901","22407","22957","22373",,99.6,,,100,
"GifA 13006/ SacA 31988","22925","22445","22951","22413",,96.9,,,100,
"GifA 13007/ SacA 31989","23218","22725","23668","22583",,91.2,,,100,
"GifA 13008/ SacA 31990","24196","23784","24238","23773",,99.4,,,100,
"EBC1","19335","18535","19429","18601",,105.3,,,100,
"Pta-1597","24852","23784","25058","23528",,102,,,100,
"Pta-5304","25227","23978","25643","23903",,105.2,,,100,
"EBC14","29735","28135","29871","28151",,99.7,,,100,
"EBC15","31735","30135","31867","29883",,93.8,,,100,
"EBC16","30735","29135","30835","29103",,96.2,,,100,
"Shfd-11057","21728","15728","22043","18203",,103.5,,,100,
"Shfd-11058","23628","16028","22963","18422",,113.8,,,100,
"LJ-3137","25284","23903","25798","23818",,99,,,100,
"AA-6451","26883","25788","27068","25698",,97.9,,,100,
"Pta-101","29559","27967","29880","27993",,96.5,,,100,
"AA-8565","29579","28265","29788","28058",,98.7,,,100,
"LJ-3138","28736","26474","29688","26003",,95,,,100,
"Pta-3586","24477","23061","25043","23013",,102.9,,,100,
"Pta-3566","33199","30499","33983","30433",,95.5,,,100,
"Pta-3591","39120","35106","39813","34513",,105.4,,,100,
"I-13040","33219","29788","33883","29138",,102.9,,,100,
"Wk-20241","22890","22360","22894","22338",,99.9,,,100,
"KKH8","34941","30941","35101","30851",,97.7,,,100,
"OZK050","26418","25567","26628","25353",,95.6,,,100,
"OZ052","30735","29233","31023","28978",,102.4,,,100,
"OSL-NT11-25","22334","18334","22354","18574",,102.9,,,100,
"OSL-NT11-27","29734","24934","29530","25138",,101.4,,,100,
"OSL-NT11-10","29834","24634","29912","24283",,100,,,100,
"OSL-NT11-26","23234","19634","23279","19598",,100.3,,,100,
"OSL-NT11-12","30034","24834","29904","24301",,100.1,,,100,
"OSL-NT11-13","32834","26834","33089","26744",,93.6,,,100,
"OSL-NT06-4","36634","29034","36254","28502",,98.1,,,100,
"OSL-NT06-3","36134","29334","36372","29300",,102.7,,,100,
"UOW-PL8-6","26036","19636","26084","19892",,101.6,,,100,
"AA-99784","23009","21776","23228","21398",,98.7,,,100,
"AA-98830","22911","20075","23088","19363",,99.3,,,100,
"UOW-PL8-5","28736","21536","29060","21176",,98.2,,,100,
"AA-89907","26378","25900","26413","25840",,101.1,,,100,
"OxA-32917","24278","23840","24513","23848",,102.9,,,100,
"Pta-919","24930","23810","25148","23473",,99.5,,,100,
"Pta-6059","25239","23947","25313","23883",,100.6,,,100,
"OxA-32919","24630","24041","24653","23893",,100.8,,,100,
"OxA-32918","24910","24230","24963","24187",,101.3,,,100,
"Pta-6271","29981","28776","30128","28713",,101.5,,,100,
"Pta-6268","31044","29320","31268","28823",,95.6,,,100,
"OxA-32915","30038","29280","30093","29210",,101,,,100,
"Pta-966","27765","26462","28098","26143",,97.8,,,100,
"UBB8","37927","25927","37417","26077",,104,,,100,
"UBB9","34927","22927","35107","23107",,99.1,,,100,
"Pta-4389","34156","30491","34828","30053",,99.8,,,100,
"End ELSA",,,"18972","18122",,,,,100,
"",,,,,,,,,,
"Start RB",,,"24620","24108",,,,,95.8,
"",,,,,,,,,,
"Robberg",,,,,,,,,100,
"Robberg_Kernel","-2","2","-2.02","2",,100,,,99.9,
"Robberg_Scale","9.97466e-18","1","0.157","0.741",,100,,,99.9,
"Sum RB",,,,,,,,,100,
"SHCal20",,,,,,,,,,
"OxA-8530","14045","13368","14045","13365",,100,,,99.7,
"IT-C-3870","15522","14990","15521","14990",,100,,,99.7,
"IT-C-3864","12709","12100","12710","12100",,100,,,99.9,
"IT-C-3483","14050","13615","14050","13616",,99.9,,,99.9,
"IT-C-3854","14123","13794","14122","13794",,100,,,99.8,
"IT-C-3841","14800","13800","14800","13800",,100.1,,,99.7,
"IT-C-3840","14896","14056","14894","14057",,100,,,99.8,
"IT-C-3836","15225","14359","15225","14362",,100,,,99.7,
"IT-C-3487","15302","14891","15301","14890",,100,,,99.8,
"IT-C-3488","12465","11765","12464","11765",,99.9,,,99.8,
"IT-C-3883","12595","12000","12595","12000",,100,,,99.9,
"IT-C-3868","12702","12097","12702","12097",,99.8,,,99.9,
"IT-C-3481","12762","12480","12762","12480",,99.9,,,99.8,
"IT-C-3862","13235","12972","13235","12972",,99.8,,,99.9,
"OxA-33811","14004","13598","14004","13598",,99.7,,,99.9,
"IT-C-3882","14068","13767","14069","13767",,100,,,99.8,
"IT-C-3879","14162","13798","14163","13797",,99.9,,,99.8,
"IT-C-3861","15049","14291","15050","14291",,100,,,99.8,
"AA-6958","12603","11945","12604","11945",,100,,,99.8,
"OxA-33812","12618","12097","12618","12097",,99.5,,,99.8,
"IT-C-3432","14241","13507","14243","13507",,100,,,99.7,
"IT-C-3846","14080","13614","14081","13615",,100,,,99.7,
"Pta-1828","14128","13606","14127","13606",,99.9,,,99.7,
"IT-C-3844","14800","13763","14800","13764",,100,,,99.7,
"IT-C-3411","14965","13792","14965","13791",,100,,,99.7,
"IT-C-3848","14817","14025","14817","14025",,100.1,,,99.8,
"IT-C-3845","14846","14032","14845","14032",,100,,,99.8,
"IT-C-3418","15074","14092","15074","14091",,100,,,99.7,
"UW-412","15100","14108","15101","14108",,100,,,99.7,
"IT-C-3434","15164","14148","15162","14147",,100,,,99.7,
"IT-C-3433","15295","14070","15294","14070",,100,,,99.7,
"IT-C-3855","15181","14336","15180","14335",,99.9,,,99.8,
"IT-C-3880","15135","14336","15134","14334",,99.9,,,99.8,
"OxA-33813","15200","14586","15201","14588",,100,,,99.8,
"IT-C-3873","15370","14606","15370","14605",,99.9,,,99.7,
"IT-C-4567","15499","14965","15499","14965",,100,,,99.8,
"IT-C-4639","15620","15120","15619","15120",,100,,,99.8,
"IT-C-3852","15812","15324","15813","15324",,100,,,99.8,
"OxA-33814","15678","15280","15677","15279",,100,,,99.8,
"IT-C-3849","15745","15247","15745","15249",,100,,,99.8,
"Pta-3899","16602","15118","16611","15120",,100,,,99.4,
"IT-C-4654","16445","15810","16444","15805",,99.9,,,99.8,
"IT-C-3832","17245","16456","17250","16459",,100.1,,,99.8,
"IT-C-3482","17307","16696","17307","16695",,100,,,99.8,
"IT-C-3834","17738","16583","17743","16583",,100,,,99.7,
"IT-C-3872","17415","17041","17415","17041",,100,,,99.8,
"UW-301","17991","16541","17997","16543",,99.9,,,99.6,
"IT-C-4698","18015","16625","18015","16623",,100.1,,,99.6,
"IT-C-3874","18196","17532","18196","17529",,99.9,,,99.8,
"Pta-2259","16203","15438","16205","15435",,100.1,,,99.7,
"IT-C-3857","16902","16210","16901","16208",,100,,,99.7,
"IT-C-3430","17051","16248","17053","16247",,99.9,,,99.7,
"IT-C-3429","17374","16619","17375","16620",,100,,,99.7,
"IT-C-3837","17383","16735","17384","16734",,99.9,,,99.8,
"IT-C-3831","17413","16915","17414","16915",,100,,,99.8,
"IT-C-3423","17892","17065","17891","17065",,100,,,99.7,
"IT-C-3414","17989","17101","17988","17101",,100,,,99.8,
"IT-C-4640","18063","17351","18061","17350",,100,,,99.8,
"IT-C-3856","18120","17414","18120","17414",,100,,,99.8,
"IT-C-4569","18637","17926","18637","17926",,99.8,,,99.8,
"AA-6959","22015","21152","22015","21152",,100,,,99.8,
"Pta-3283","22078","21012","22078","21012",,100,,,99.7,
"IT-C-3871","24621","23840","24393","23831",,111.2,,,99.8,
"IT-C-3425","25060","23793","24484","23762",,106.1,,,99.5,
"OxA-33815","22012","21434","22012","21434",,100,,,99.8,
"GrN-4814","14170","13614","14170","13614",,99.9,,,99.8,
"Pta-1175","14925","13867","14925","13867",,100,,,99.7,
"GrN-4815","14770","13780","14771","13780",,99.9,,,99.8,
"Pta-1176","15065","14110","15064","14110",,100,,,99.8,
"GrN-5873","15122","14082","15121","14082",,100,,,99.7,
"GrN-4816","15104","14190","15101","14189",,100,,,99.8,
"Pta-1177","15509","14999","15509","14998",,100,,,99.8,
"Pta-1178","15607","15272","15606","15272",,100,,,99.9,
"I-7948","15668","14280","15667","14279",,100,,,99.6,
"OxA-32686","16548","16106","16549","16106",,100,,,99.8,
"OxA-32687","17073","16640","17074","16641",,100,,,99.9,
"Pta-1288","16602","15842","16600","15839",,99.9,,,99.7,
"Pta-1067","15080","14189","15082","14190",,99.9,,,99.8,
"Pta-1068","17049","16299","17048","16300",,100.1,,,99.8,
"Pta-1200","16191","15396","16192","15394",,100,,,99.8,
"Pta-6756","13456","13085","13455","13085",,99.9,,,99.8,
"Pta-6757","15930","15165","15931","15168",,100,,,99.7,
"AA-5834","13443","13117","13443","13118",,99.9,,,99.8,
"Pta-6761","16265","15543","16267","15542",,99.9,,,99.7,
"Pta-4321","16887","15962","16891","15961",,100,,,99.6,
"GaK-4338","15517","13790","15517","13790",,100,,,99.5,
"GifA-13001/SacA 31983","19200","18895","19201","18895",,100,,,99.9,
"GifA-13002/SacA 31984","19445","19055","19445","19055",,100,,,99.9,
"Pta-5308","22046","20989","22046","20988",,100,,,99.6,
"Pta-4817","13599","13170","13599","13170",,100,,,99.9,
"Pta-4822","20310","19513","20311","19515",,100,,,99.8,
"GNH 5","16331","13131","16331","13123",,100,,,99.9,
"UBA-38535","20895","20507","20895","20507",,100,,,99.9,
"GV18/4/2","21328","20528","21328","20528",,99.9,,,99.9,
"UGAMS-11599","15105","14534","15105","14532",,99.8,,,99.8,
"OxA-4274","15380","15004","15380","15005",,100.1,,,99.8,
"AA-5829","14182","13515","14183","13515",,100,,,99.7,
"LJ-3150","14832","13805","14834","13805",,100,,,99.7,
"AA-8564","14917","14097","14917","14099",,100,,,99.8,
"Pta-100","15983","15300","15982","15300",,100,,,99.7,
"LJ-3135","23820","22749","23819","22752",,100,,,99.7,
"LJ-3136","24710","23297","24377","23330",,111.5,,,99.7,
"Beta-522531","15894","15567","15894","15568",,100,,,99.9,
"Beta-522530","16526","16186","16526","16186",,100,,,99.9,
"Beta-522529","16765","16360","16764","16360",,100,,,99.9,
"Pta-782a","14965","13871","14965","13871",,100.1,,,99.8,
"Pta-782b","15170","14225","15170","14225",,100,,,99.8,
"D-AMS 001837/828","16777","16340","16780","16340",,100,,,99.8,
"D-AMS 002440/481","17355","17011","17356","17011",,100,,,99.8,
"D-AMS 003799/858","18175","17595","18175","17599",,100,,,99.9,
"D-AMS 001838/876","18203","17784","18203","17784",,100,,,99.9,
"D-AMS 002440/686","18760","18288","18760","18288",,99.9,,,99.9,
"D-AMS 002441/736","18786","18300","18786","18300",,100,,,99.9,
"D-AMS 003800/920","19302","18923","19302","18923",,99.9,,,99.9,
"D-AMS 001839/924","22330","21991","22330","21993",,100,,,99.8,
"Pta-1406","24523","23474","24320","23468",,106,,,99.8,
"Pta-1407","24621","23840","24392","23831",,111.2,,,99.8,
"Pta-1367","24090","23047","24082","23051",,100.4,,,99.8,
"OxA-23028","24560","23432","24335","23427",,107.9,,,99.8,
"UW-233","18880","18287","18879","18286",,100,,,99.8,
"D-AMS 003801/114","18657","18262","18657","18262",,100,,,99.9,
"D-AMS 003802/141","19528","19183","19528","19183",,100,,,99.9,
"OxA-32457","12596","12023","12596","12023",,99.9,,,99.9,
"UW-218","12762","11959","12761","11959",,100,,,99.7,
"OxA-32606","14122","13803","14122","13803",,99.9,,,99.8,
"OxA-32458","18203","17800","18203","17800",,100,,,99.8,
"I-6516","20729","19551","20721","19550",,100,,,99.5,
"UW-175","23130","20524","23125","20528",,100,,,99.3,
"OxA-32607","22506","22128","22506","22129",,99.9,,,99.8,
"GrN-5884","22896","22352","22896","22352",,100.1,,,99.8,
"OxA-32608","23285","22618","23285","22619",,100,,,99.8,
"UGAMS-8980","11080","10691","11080","10691",,99.9,,,99.9,
"OSL-NT11-23","13234","10034","13114","10458",,105.5,,,99.9,
"OSL-NT11-22","13334","10934","13334","10934",,100.3,,,99.9,
"OxA-2460","13990","13460","13990","13460",,99.9,,,99.9,
"UGAMS-8981","14315","14059","14314","14059",,99.9,,,99.8,
"UGAMS-8982","14805","14078","14805","14078",,100,,,99.9,
"UOW-PL8-8","19336","14536","19336","14536",,100,,,99.9,
"UOW-PL8-7","20136","15336","20136","15324",,100,,,99.9,
"Pta-3451","12433","11280","12433","11282",,100,,,99.8,
"Pta-7288","10693","10253","11056","10337",,93.6,,,99.8,
"OxA-35528","11082","10603","11083","10605",,99.9,,,99.9,
"Pta-7275","11140","10584","11140","10586",,100.5,,,99.9,
"RCC10.1","16343","10743","16203","10883",,101.3,,,99.9,
"RCC10.2","15343","10543","15187","10711",,101.8,,,99.9,
"Pta-5593","15479","14358","15483","14363",,100,,,99.7,
"Pta-5601","16493","15600","16493","15601",,100.1,,,99.7,
"Q-3175","15265","13505","15268","13507",,100,,,99.4,
"Q-3176","15077","13518","15074","13517",,100,,,99.5,
"Q-3173","15933","14199","15935","14199",,99.9,,,99.4,
"Pta-884","15933","15120","15930","15119",,100.1,,,99.6,
"Q-3172","16240","15332","16242","15333",,100,,,99.6,
"Q-1452","22252","20889","22253","20889",,100,,,99.5,
"Pta-918","24441","23211","24271","23275",,103.9,,,99.8,
"Pta-6065","13432","12623","13435","12623",,100,,,99.6,
"OxA-32926","14040","13617","14040","13617",,99.9,,,99.9,
"Pta-6282","14803","13770","14804","13770",,99.9,,,99.8,
"OxA-32925","14821","14083","14821","14083",,100,,,99.8,
"OxA-32924","14846","14189","14847","14189",,100,,,99.9,
"OxA-32923","15555","15144","15554","15144",,100.1,,,99.8,
"OxA-32922","15646","15257","15645","15257",,100,,,99.9,
"Pta-6062","14846","14165","14846","14165",,99.9,,,99.8,
"Pta-6058","15029","14147","15029","14147",,99.9,,,99.8,
"Pta-6281","23781","22972","23781","22972",,99.9,,,99.7,
"Pta-6077","24532","23894","24365","23870",,109.2,,,99.8,
"OxA-32920","24618","23970","24442","23916",,97.6,,,99.7,
"Pta-682","14028","13465","14030","13465",,99.9,,,99.7,
"Pta-822","18259","17545","18260","17546",,100.1,,,99.7,
"TX-5782","12434","11145","12433","11145",,100,,,99.7,
"TX-5631","14827","13097","14827","13096",,100,,,99.4,
"TX-5783","14883","13313","14878","13313",,99.9,,,99.5,
"UBA-17609","17497","17286","17498","17286",,99.9,,,99.9,
"UBA-17610","17840","17300","17840","17300",,100,,,99.8,
"UBA-17611","18651","18275","18651","18275",,100,,,99.9,
"UBA-17612","19823","19427","19823","19427",,100,,,99.8,
"UBA-17613","23773","23286","23773","23286",,100,,,99.9,
"UBA-17614","23887","23387","23886","23387",,99.9,,,99.8,
"UBB5","24927","16927","24227","17347",,103.8,,,99.9,
"Pta-4307","10657","9915","11057","10261",,61.7,,,99.3,
"Pta-4226","16444","15716","16439","15715",,100,,,99.7,
"IT-C-2327 (CN 26617)","13592","13318","13592","13319",,99.9,,,99.9,
"IT-C-2569 (CN 35722)","13592","13334","13591","13334",,99.8,,,99.9,
"IT-C-2390 (CN 35722)","13594","13342","13594","13342",,99.8,,,99.9,
"BETA-516054 (CN 26617)","13599","13412","13599","13411",,99.6,,,99.9,
"IT-C-2328 (CN 26617)","13735","13345","13735","13344",,99.8,,,99.9,
"IT-C-2539 (CN 34285)","13793","13514","13793","13514",,100,,,99.9,
"IT-C-2566 (CN 35716)","15228","14521","15226","14521",,99.9,,,99.8,
"IT-C-2563 (CN 34911)","15904","15452","15904","15451",,99.9,,,99.8,
"IT-C-2538 (CN 30270)","16585","16165","16585","16165",,100,,,99.8,
"IT-C-2567 (CN 30258)","17388","17044","17388","17043",,100,,,99.8,
"IT-C-2564 (CN 30224)","17455","17074","17455","17074",,99.9,,,99.8,
"IT-C-2346 (CN 30258)","17696","17051","17695","17051",,100,,,99.8,
"IT-C-2562 (CN 32455)","20360","19900","20359","19899",,100,,,99.8,
"IT-C-2356 (CN 32455)","20427","19909","20427","19907",,99.9,,,99.8,
"IT-C-2345 (CN 31390)","20896","20355","20896","20356",,100,,,99.8,
"IT-C-2357 (CN 36264)","21972","21268","21972","21265",,100,,,99.8,
"BETA-461583 (CN 17923)","21855","21400","21855","21400",,99.9,,,99.9,
"IT-C-2376 (CN 36264)","22005","21278","22006","21296",,100,,,99.8,
"BETA-461582 (CN 22305)","22853","22394","22853","22394",,99.9,,,99.9,
"BETA-469051 (CN 18702)","23010","22625","23011","22626",,100,,,99.9,
"End RB",,,"10688","10167",,,,,96.1,
"",,,,,,,,,,
"Start OAK",,,"14266","14067",,,,,97,
"",,,,,,,,,,
"Oakhurst",,,,,,,,,100,
"Oakhurst_Kernel","-2","2","-2","2",,100,,,99.8,
"Oakhurst_Scale","9.97466e-18","1","0.17","0.821",,100,,,99.9,
"Sum OAK",,,,,,,,,100,
"SHCal20",,,,,,,,,,
"SMU-1823","10645","8455","10582","8454",,100,,,99,
"UW-410","10576","9756","10575","9752",,100,,,99.7,
"UW-411","12687","11785","12686","11786",,100,,,99.7,
"Pta-1484","10235","9736","10235","9737",,100,,,99.8,
"Pta-1805","14021","13485","14021","13485",,100,,,99.8,
"GrN-5874","11109","10598","11109","10598",,99.9,,,99.8,
"Poz-104,167","11186","10757","11186","10758",,99.9,,,99.9,
"Poz-64,463","11111","10664","11111","10665",,99.9,,,99.8,
"Poz-64,465","11326","11156","11326","11158",,100,,,99.9,
"GrN-4845","11075","10566","11075","10566",,99.7,,,99.7,
"GrN-4813","11708","11191","11708","11191",,100,,,99.7,
"Pta-1905","7562","7281","7570","7364",,73.7,,,99.9,
"Pta-2347","8767","8343","8768","8343",,100,,,99.8,
"Pta-1587","11246","10802","11246","10802",,99.9,,,99.8,
"OxA-32684","11705","11252","11705","11252",,99.8,,,99.9,
"OxA-32685","14786","13881","14199","13879",,119.7,,,99.8,
"CK7-2","12037","10437","12037","10437",,100,,,99.9,
"Pta-0737","12833","12201","12833","12201",,100,,,99.7,
"AA-5833","12912","12637","12912","12638",,99.6,,,99.9,
"OxA-478","13171","12196","13171","12197",,100,,,99.4,
"Pta-0732","12755","12095","12756","12096",,100,,,99.6,
"Pta-2481","11760","11215","11760","11215",,99.9,,,99.6,
"Pta-2592","12470","10659","12470","10655",,99.9,,,99.3,
"Pta-5336","12614","11971","12614","11971",,99.9,,,99.7,
"Pta-5361","12729","12065","12729","12065",,99.8,,,99.8,
"Pta-5369","12765","12175","12765","12175",,99.9,,,99.8,
"Pta-6758","12745","12097","12746","12097",,99.9,,,99.8,
"Pta-686","11181","10597","11181","10598",,100,,,99.7,
"UW-0192","13181","12738","13181","12737",,100,,,99.7,
"UW-0193","11835","11278","11836","11278",,99.9,,,99.8,
"Pta-4816","12966","12494","12966","12494",,99.8,,,99.7,
"Pta-1125","11832","11205","11831","11206",,99.9,,,99.7,
"Pta-3643","13764","13319","13763","13319",,99.9,,,99.8,
"LLNL-CAMS# 170783","11867","11324","11845","11324",,99.8,,,99.8,
"Pta-5191","9526","9034","9526","9035",,100,,,99.8,
"UGAMS-8984","10290","10181","10290","10180",,99.2,,,99.9,
"OxA-27311","9660","9465","9660","9465",,99.2,,,99.9,
"UGAMS-11597","9719","9539","9719","9539",,99.9,,,99.9,
"Pta-5192","10231","9729","10231","9725",,100,,,99.8,
"Pta-5204","10661","10236","10662","10236",,99.9,,,99.7,
"UGAMS-8985","10578","10299","10578","10298",,99.8,,,99.9,
"OxA-27312","10376","10176","10375","10176",,99.6,,,99.9,
"OxA-27313","10405","10180","10404","10180",,99.6,,,99.9,
"OxA-27314","11874","11331","11873","11332",,99.7,,,99.9,
"OxA-27315","11843","11326","11844","11327",,99.7,,,99.8,
"UGAMS-8986","11712","11308","11712","11308",,99.8,,,99.9,
"OxA-27316","11938","11524","11939","11524",,100,,,99.7,
"Pta-5205","11756","11198","11756","11197",,100,,,99.6,
"Pta-4620","11333","10760","11332","10761",,100.2,,,99.7,
"LJ-3199","10195","9559","10195","9560",,100,,,99.8,
"Pta-112","8170","7842","8170","7843",,99.8,,,99.9,
"Pta-099","11306","10770","11306","10770",,99.9,,,99.8,
"LJ-3198","10651","10190","10651","10189",,99.9,,,99.7,
"AA-6649","11201","10744","11201","10744",,99.9,,,99.7,
"AA-8563","11705","11190","11705","11189",,99.8,,,99.7,
"Wits-1436","10191","8781","10190","8780",,99.9,,,99.5,
"Pta-2307","10653","10225","10653","10225",,100,,,99.7,
"Pta-2812","8338","7939","8338","7939",,100,,,99.8,
"Beta-347865","11174","10765","11174","10765",,99.9,,,99.9,
"Beta-347868","13081","12785","13081","12785",,99.8,,,99.9,
"Beta-347866","13607","13355","13607","13355",,99.7,,,99.8,
"Beta-347867","13598","13355","13598","13356",,99.7,,,99.9,
"Beta-347869","13781","13511","13781","13511",,99.8,,,99.9,
"D-AMS 001836","13745","13434","13745","13434",,99.9,,,99.9,
"D-AMS 002439","14799","14056","14201","14047",,105.8,,,99.7,
"KRU-2","7661","7262","7669","7387",,106.8,,,99.9,
"KRU-3","7672","7264","7682","7381",,108,,,99.8,
"KRU-4","7687","7329","7685","7423",,104.7,,,99.8,
"KRU-5","7780","7426","7778","7430",,103.1,,,99.9,
"KRU-6","8401","8055","8400","8054",,100,,,99.9,
"KRU-7","10492","9905","10492","9905",,99.9,,,99.8,
"KRU-8","11210","10512","11210","10512",,100,,,99.7,
"KRU-9","11614","10710","11614","10711",,99.9,,,99.6,
"KRU-10","12613","11341","12613","11343",,100,,,99.6,
"Pta-1273","10495","9908","10495","9908",,100,,,99.7,
"Pta-1272","11972","11271","11971","11272",,100,,,99.8,
"L-336G","13180","11175","13182","11177",,99.9,,,99.3,
"L-336H","14075","12093","14053","12179",,102.1,,,99.3,
"UCLA-1746-C-2","12469","11180","12470","11180",,100,,,99.5,
"UCLA-1746-A","12481","11180","12574","11179",,100,,,99.4,
"Pta-6823","8320","8030","8320","8030",,99.6,,,99.9,
"Marine20",,,,,,,,,,
"","-85","35","-85.5","43",,96.5,,,99.9,
"Pta-6831","8156","7840","8154","7833",,99.5,,,99.9,
"Pta-6925","11176","10777","11178","10775",,99.6,,,99.8,
"Pta-6848","11283","10914","11280","10908",,99.3,,,99.8,
"Pta-6951","11381","11053","11378","11045",,99.8,,,99.8,
"SHCal20",,,,,,,,,,
"Pta-6688","9000","8456","9000","8457",,99.9,,,99.7,
"Pta-6687","9527","8032","9526","8032",,100,,,99.4,
"Pta-6686","11280","10306","11283","10344",,100,,,99.6,
"Pta-6936","11625","11150","11625","11150",,100.2,,,99.7,
"Pta-6838","11839","11330","11839","11329",,99.7,,,99.9,
"Pta-6937","11333","10760","11332","10761",,100.2,,,99.8,
"Pta-6702","13162","11633","13163","11635",,100,,,99.3,
"GaK-1538","12763","11640","12764","11641",,100,,,99.5,
"Pta-666","8594","8209","8594","8209",,99.9,,,99.8,
"OxA-32451","9545","9459","9545","9460",,99.4,,,99.9,
"OxA-32452","9530","9304","9530","9303",,99.8,,,99.9,
"Pta-391","10246","9765","10246","9766",,99.9,,,99.8,
"OxA-32453","10649","10283","10649","10282",,99.9,,,99.8,
"Q-1085","12613","11256","12612","11259",,100,,,99.6,
"OxA-32454","11923","11341","11922","11340",,99.8,,,99.8,
"Pta-392","11972","11271","11972","11271",,99.9,,,99.7,
"UW-164","12084","11305","12083","11303",,100,,,99.7,
"OxA-32455","12464","11874","12464","11874",,99.9,,,99.8,
"UW-177","14117","13464","14076","13498",,102.6,,,99.8,
"I-6515","13494","12486","13495","12486",,100,,,99.5,
"Pta-5238","9892","9555","9892","9555",,99.9,,,99.9,
"OxA-32161","10119","9557","10120","9557",,100,,,99.9,
"OSL-NT11-15","10434","8434","10434","8434",,99.9,,,99.9,
"UGAMS-8974","9689","9538","9690","9538",,99.6,,,99.9,
"OxA-X-2460-48","10195","9691","10195","9692",,100,,,99.9,
"OxA-32160","10203","9790","10204","9790",,99.9,,,99.9,
"OSL-NT11-18","10234","8234","10234","8234",,100,,,99.9,
"OxA-32159","11086","10601","11088","10601",,99.9,,,99.8,
"OSL-NT11-06","12334","9934","12334","9934",,100,,,99.9,
"OxA-32158","10113","9552","10114","9552",,100,,,99.8,
"UGAMS-8975","10710","10502","10710","10502",,99.9,,,99.8,
"UGAMS-8976","10403","10199","10403","10199",,99.5,,,99.9,
"UGAMS-8977","9897","9556","9897","9556",,99.9,,,99.9,
"OSL-NT11-11","11534","9534","11539","9534",,100,,,99.9,
"OxA-32157","11098","10662","11098","10664",,99.9,,,99.9,
"UGAMS-8978","11069","10587","11069","10587",,99.7,,,99.9,
"OxA-26230","10655","10284","10655","10284",,99.9,,,99.9,
"Pta-5207","11255","10601","11254","10600",,100,,,99.5,
"UGAMS-8979","11171","10773","11170","10773",,99.8,,,99.9,
"OSL-NT11-17","13534","11134","13534","11134",,100.1,,,99.9,
"OSL-NT11-21","14734","11934","14174","12025",,108.1,,,99.9,
"OSL-NT06-5","12734","10334","12734","10334",,100,,,99.9,
"TX-5633","9416","8543","9416","8544",,100,,,99.7,
"TX-5634","10221","9551","10221","9551",,100,,,99.7,
"TX-5635","10683","10243","10683","10243",,99.9,,,99.8,
"TX-5636","12828","10432","12833","10435",,100,,,99.2,
"TX-5637","13795","11519","13790","11634",,100.6,,,99.3,
"Pta-410","10235","9699","10235","9699",,100,,,99.8,
"Pta-5600","9525","9129","9525","9129",,99.9,,,99.8,
"Pta-5560","9662","9479","9662","9479",,98.1,,,99.9,
"RCC21","9743","7343","9635","7499",,102.8,,,99.9,
"Pta-5599","10566","10239","10565","10239",,100,,,99.8,
"Pta-6278","8310","7875","8309","7875",,99.9,,,99.8,
"Pta-6280","8014","7700","8014","7699",,100,,,99.8,
"Pta-6072","8178","7838","8178","7837",,100,,,99.8,
"Pta-6083","7943","7671","7944","7670",,99.9,,,99.9,
"Pta-6368","10563","10253","10563","10253",,99.9,,,99.9,
"Pta-6057","11617","10586","11618","10586",,99.9,,,99.6,
"Pta-3533","8536","8189","8534","8189",,100,,,99.8,
"TX-5628","11057","10250","11056","10250",,100,,,99.8,
"Pta-3540","10148","9472","10148","9471",,100,,,99.7,
"TX-5630","10335","9486","10334","9487",,100,,,99.6,
"TX-5629","11180","10177","11181","10178",,100,,,99.6,
"Y-1996","11100","10224","11100","10225",,100,,,99.5,
"Pta-004","12463","9693","12464","9691",,100,,,99.1,
"Pta-5172","9891","9491","9891","9490",,99.9,,,99.8,
"BETA-469053 (CN 6666)","11073","10604","11073","10604",,99.6,,,99.9,
"IT-C-2322 (CN 1503)","11141","10699","11141","10699",,100,,,99.9,
"IT-C-2321 (CN 1503)","11158","10705","11156","10705",,100,,,99.9,
"BETA-469052 (CN 4945)","11163","10767","11164","10766",,99.8,,,99.9,
"IT-C-2360 (CN 8098)","11098","10572","11097","10572",,99.9,,,99.8,
"IT-C-2383 (CN 4944)","11078","10585","11079","10585",,99.7,,,99.8,
"IT-C-2590 (CN 7618)","11081","10587","11081","10587",,99.8,,,99.8,
"IT-C-2389 (CN 20608)","11090","10602","11089","10602",,99.9,,,99.8,
"IT-C-2542 (CN 18638)","11061","10511","11061","10511",,99.9,,,99.8,
"IT-C-2537 (CN 21323","11069","10566","11069","10566",,99.9,,,99.8,
"IT-C-2351 (CN 22339)","11072","10573","11073","10573",,99.8,,,99.8,
"BETA-442147 (CN 501)","11163","10767","11163","10766",,99.8,,,99.9,
"BETA-461585 (CN 20408)","11070","10596","11070","10596",,99.7,,,99.9,
"IT-C-2387 (CN 30047)","11098","10609","11099","10659",,99.9,,,99.8,
"T-C-2385 (CN 30048)","11142","10705","11142","10705",,99.9,,,99.9,
"IT-C-2540 (CN 27019)","11069","10520","11069","10521",,99.9,,,99.9,
"IT-C-2347 (CN 27014)","11075","10582","11075","10582",,99.7,,,99.9,
"IT-C-2559 (CN 27694)","11071","10579","11071","10579",,99.8,,,99.8,
"IT-C-2557 (CN 33274)","11109","10683","11109","10682",,99.9,,,99.9,
"IT-C-2535 (CN 27605)","11085","10601","11085","10601",,99.9,,,99.9,
"IT-C-2358 (CN 30657)","11099","10595","11099","10595",,99.9,,,99.8,
"IT-C-2388 (CN 32294)","11142","10696","11143","10697",,100,,,99.9,
"IT-C-2377 (CN 33766)","11106","10664","11106","10667",,99.9,,,99.9,
"IT-C-2560 (CN 30624)","11136","10704","11136","10704",,99.9,,,99.9,
"IT-C-2556 (CN 31813)","11168","10759","11168","10760",,99.9,,,99.9,
"IT-C-2531 (CN 33381)","10994","10506","10994","10506",,100,,,99.8,
"IT-C-2386 (CN 33381)","11084","10581","11083","10582",,99.8,,,99.8,
"IT-C-2384 (CN 33382)","11078","10585","11079","10585",,99.8,,,99.8,
"IT-C-2555 (CN 33382)","11093","10602","11093","10602",,99.8,,,99.8,
"IT-C-2532 (CN 31884)","11172","10761","11172","10761",,99.9,,,99.9,
"IT-C-2349 (CN 31884)","11200","10775","11200","10775",,99.9,,,99.8,
"BETA-461584 (CN 17125)","11185","10788","11185","10788",,99.8,,,99.9,
"Pta-2546","10554","9916","10552","9917",,99.9,,,99.8,
"Pta-2852","11615","10687","11614","10686",,100,,,99.7,
"Pta-2790","11715","11235","11716","11234",,99.9,,,99.8,
"Pta-2786","12430","11310","12429","11309",,100,,,99.8,
"Pta-6872","12086","11237","12085","11237",,100,,,99.6,
"Pta-6871","11950","11257","11949","11256",,100,,,99.7,
"Pta-6884","11881","11245","11881","11245",,100,,,99.7,
"End OAK",,,"7548","7305",,,,,98.5,
